0;69.13586426
0.625;66.90989685
1.25;56.16827393
1.875;44.93926239
2.5;35.5690918
3.125;30.20566559
3.75;27.02179146
4.375;23.57628632
5;24.03835869
5.625;24.72619438
6.25;22.17529678
6.875;20.69412994
7.5;21.00217819
8.125;21.54020882
8.75;21.08446693
9.375;20.49157715
10;19.72567558
10.625;22.56774139
11.25;25.20725632
11.875;27.24333382
12.5;28.48607826
13.125;27.4965229
13.75;31.37878227
14.375;30.29006195
15;26.5681572
15.625;24.78738213
16.25;22.50866508
16.875;19.6834774
17.5;19.98941612
18.125;21.2195015
18.75;20.57175446
19.375;18.05039597
20;17.61786079
20.625;19.2488327
21.25;21.98962402
21.875;21.46847153
22.5;20.45148849
23.125;18.74456024
23.75;20.06959343
24.375;21.25115013
25;19.44294548
25.625;16.50593185
26.25;15.34547424
26.875;17.26550484
27.5;17.94701004
28.125;17.90481186
28.75;17.76555634
29.375;17.48915672
30;18.27615738
30.625;17.86683273
31.25;18.75722122
31.875;19.30368996
32.5;18.53989792
33.125;18.62007523
33.75;18.20442009
34.375;16.41309547
35;18.51457977
35.625;19.15810585
36.25;19.87548065
36.875;21.74065208
37.5;23.53830719
38.125;25.19037819
38.75;26.16305161
39.375;25.76216698
40;24.77894211
40.625;22.59517097
41.25;21.59506798
41.875;20.10124207
42.5;17.50814629
43.125;17.21908569
43.75;17.82041359
44.375;15.57334614
45;14.44664669
45.625;17.70225906
46.25;17.83940315
46.875;16.05862808
47.5;16.77600288
48.125;16.55657005
48.75;17.05451202
49.375;15.98689079
50;15.98689079
50.625;15.98689079
51.25;14.28418255
51.875;14.32005119
52.5;15.9151535
53.125;16.80132103
53.75;17.8499527
54.375;19.40918732
55;22.17107582
55.625;22.95385742
56.25;23.37584305
56.875;24.94351578
57.5;23.57628632
58.125;22.81671333
58.75;23.38639259
59.375;21.54442978
60;20.66037178
60.625;20.84393501
61.25;19.88391876
61.875;18.38798332
62.5;19.28048134
63.125;18.4154129
63.75;19.10746765
64.375;18.32679558
65;15.68095207
65.625;18.57576752
66.25;19.35221863
66.875;19.60751915
67.5;20.27003479
68.125;21.64359665
68.75;22.77240562
69.375;21.43893242
70;24.88021851
70.625;27.26021194
71.25;28.99456978
71.875;30.17190742
72.5;30.85763168
73.125;30.54325294
73.75;32.4527359
74.375;34.8812561
75;34.10902405
75.625;33.74189758
76.25;33.89381027
76.875;35.42561722
77.5;35.87924957
78.125;34.90235519
78.75;34.85593796
79.375;35.37497711
80;36.31389236
80.625;36.79073715
81.25;35.24416351
81.875;34.78841782
82.5;34.64494324
83.125;36.10290146
83.75;35.63871765
84.375;33.68281937
85;31.23530769
85.625;32.68693542
86.25;32.07294846
86.875;28.56625557
87.5;31.07917404
88.125;30.83442307
88.75;30.11071968
89.375;29.10006523
90;29.52416039
90.625;28.34471321
91.25;29.29417801
91.875;27.57037163
92.5;24.63546753
93.125;25.96893883
93.75;26.5681572
94.375;24.70509529
95;25.24523544
95.625;25.28110313
96.25;24.62280846
96.875;23.38639259
97.5;23.86956596
98.125;23.26190758
98.75;23.94130325
99.375;23.63958359
100;22.71332741
100.625;21.01272774
101.25;20.85659409
101.875;20.20462799
102.5;20.90934181
103.125;21.42838287
103.75;21.18785286
104.375;22.70699692
105;23.6184845
105.625;22.29767227
106.25;21.86935806
106.875;22.47701645
107.5;22.37362862
108.125;22.0318222
108.75;21.33132744
109.375;20.93466187
110;20.83971405
110.625;20.07170296
111.25;19.42817688
111.875;19.76576424
112.5;20.35443306
113.125;20.38819122
113.75;20.06959343
114.375;18.95555305
115;18.33734512
115.625;17.16844749
116.25;20.53799629
116.875;19.91978836
117.5;19.33322906
118.125;20.0168438
118.75;19.72356606
119.375;20.47258759
120;20.19196892
120.625;21.2195015
121.25;22.62471008
121.875;22.92642975
122.5;24.96250534
123.125;25.37394142
123.75;24.53630066
124.375;25.64401054
125;27.24755287
125.625;27.5830307
126.25;26.12507248
126.875;26.38248444
127.5;26.2136898
128.125;25.15239906
128.75;22.26391411
129.375;21.17097282
130;20.54010582
130.625;20.16664886
131.25;20.51478577
131.875;19.11590767
132.5;17.08405113
133.125;18.38587379
133.75;18.75722122
134.375;18.86904716
135;18.20652962
135.625;16.37933731
136.25;17.46383667
136.875;16.73591423
137.5;17.38365936
138.125;17.13046837
138.75;15.96368122
139.375;16.37722588
140;16.77389145
140.625;18.29514694
141.25;17.19587708
141.875;14.88551044
142.5;15.01843548
143.125;15.74424934
143.75;17.41108894
144.375;18.50191879
145;16.34768677
145.625;15.99322033
146.25;17.89426231
146.875;17.70858765
147.5;17.82674408
148.125;18.47449112
148.75;19.27204132
149.375;18.05250549
150;18.05250549
150.625;18.05250549
151.25;17.79298592
151.875;17.82674408
152.5;18.39642334
153.125;19.52312279
153.75;19.37753868
154.375;18.56099701
155;18.35211563
155.625;19.15177536
156.25;17.92802048
156.875;18.03984642
157.5;17.93013
158.125;18.31835556
158.75;16.98277473
159.375;16.58610916
160;19.38175774
160.625;18.91757393
161.25;17.94911957
161.875;17.24651527
162.5;19.88391876
163.125;19.951437
163.75;18.80574799
164.375;19.69191742
165;19.73622513
165.625;19.4513855
166.25;19.5020237
166.875;20.14133072
167.5;20.91989136
168.125;20.94943047
168.75;17.84151268
169.375;19.74255371
170;20.08858299
170.625;20.23838615
171.25;22.4010582
171.875;21.16675377
172.5;21.07391548
173.125;21.69212341
173.75;20.09280205
174.375;20.77430725
175;20.17086983
175.625;19.42606544
176.25;19.55055237
176.875;20.0463829
177.5;19.97253609
178.125;18.29092789
178.75;17.98498917
179.375;19.24250221
180;18.96821213
180.625;17.70014954
181.25;18.93867302
181.875;19.1327877
182.5;18.4660511
183.125;17.60731125
183.75;17.81619453
184.375;18.2191906
185;18.42385292
185.625;17.31614304
186.25;17.21908569
186.875;17.80353546
187.5;16.58189011
188.125;16.35823822
188.75;15.01843548
189.375;15.32859421
190;15.53747749
190.625;15.92148304
191.25;16.76545334
191.875;16.10504723
192.5;15.45308018
193.125;16.62197685
193.75;16.89204788
194.375;15.04586506
195;14.526824
195.625;15.30538559
196.25;16.61142731
196.875;16.60720825
197.5;15.97001171
198.125;17.94278908
198.75;17.4511776
199.375;16.74013329
200;15.89405441
200.625;15.86873531
201.25;16.10082626
201.875;17.94278908
202.5;19.27837181
203.125;19.5167923
203.75;18.65805435
204.375;18.13690376
205;19.09480858
205.625;19.70035553
206.25;18.27193832
206.875;19.08847809
207.5;18.2339592
208.125;18.50191879
208.75;19.17709541
209.375;20.13922119
210;21.43682289
210.625;21.68579483
211.25;21.2342701
211.875;19.90290833
212.5;21.08868599
213.125;22.1330986
213.75;20.89668274
214.375;20.75320816
215;20.78696632
215.625;22.05081177
216.25;22.15630722
216.875;20.79329681
217.5;18.44284248
218.125;18.57154655
218.75;18.82684708
219.375;19.03151131
220;17.47438622
220.625;16.0670681
221.25;15.74424934
221.875;16.67050552
222.5;14.4255476
223.125;15.38345242
223.75;16.48483276
224.375;15.79066753
225;15.2083292
225.625;15.35813332
226.25;15.46573925
226.875;15.70205116
227.5;14.63653946
228.125;14.35169983
228.75;15.43198109
229.375;14.79689407
230;14.25886345
230.625;13.73771191
231.25;14.28629208
231.875;14.44664669
232.5;14.73148632
233.125;15.28850651
233.75;13.63643551
234.375;13.0055685
235;15.18511963
235.625;14.6175499
236.25;13.14482403
236.875;15.2589674
237.5;14.93192863
238.125;14.20189571
238.75;14.86863136
239.375;14.13437748
240;15.28639603
240.625;15.68095207
241.25;13.72505283
241.875;15.25263691
242.5;16.33924866
243.125;14.49095535
243.75;16.68949509
244.375;16.92369652
245;16.74013329
245.625;17.55245399
246.25;16.76123238
246.875;17.03552246
247.5;17.95755959
248.125;18.45339203
248.75;17.82252502
249.375;18.51457977
250;18.59053612
250.625;19.27415085
251.25;19.11590767
251.875;19.42817688
252.5;20.14554977
253.125;19.99152565
253.75;21.33132744
254.375;20.53377533
255;20.56542397
255.625;19.72145462
256.25;18.18543053
256.875;19.33745003
257.5;20.33755302
258.125;19.82273102
258.75;16.27594948
259.375;17.25073433
260;18.58842659
260.625;17.49337578
261.25;16.22109222
261.875;14.71249676
262.5;14.07318974
263.125;14.26308346
263.75;14.42343712
264.375;15.8645153
265;16.36245728
265.625;15.65141296
266.25;14.32216072
266.875;14.36435986
267.5;14.77157497
268.125;15.10072327
268.75;14.79478359
269.375;16.94690514
270;17.97654915
270.625;13.9402647
271.25;12.53083611
271.875;13.29673862
272.5;14.48462486
273.125;15.03531551
273.75;13.40434456
274.375;14.33693027
275;15.15136147
275.625;13.40645409
276.25;12.73971844
276.875;14.46352577
277.5;15.57334614
278.125;14.99733639
278.75;14.71882629
279.375;15.80332756
280;15.73791981
280.625;15.26318741
281.25;14.04365158
281.875;15.01210594
282.5;14.16602707
283.125;13.89595604
283.75;14.03943157
284.375;14.30739117
285;14.36224937
285.625;14.15758705
286.25;15.19144917
286.875;14.54792309
287.5;11.07076931
288.125;13.48663139
288.75;14.27785301
289.375;13.65331554
290;13.66597462
290.625;12.93383121
291.25;12.10463142
291.875;13.84953785
292.5;15.34969425
293.125;15.26107693
293.75;15.65563297
294.375;14.96568775
295;12.7080698
295.625;10.80069828
296.25;14.21455479
296.875;16.60509872
297.5;16.07972717
298.125;13.81788921
298.75;14.30528164
299.375;14.82643318
300;14.97201729
300.625;15.35180378
301.25;14.69350719
301.875;12.38736153
302.5;13.1574831
303.125;13.17014313
303.75;15.00788593
304.375;14.12171841
305;13.8896265
305.625;14.58168125
306.25;13.86852741
306.875;13.51828003
307.5;13.79679012
308.125;13.26508904
308.75;11.62778854
309.375;11.62145901
310;11.1171875
310.625;12.71439934
311.25;12.03500366
311.875;12.9507103
312.5;11.98436546
313.125;12.62156296
313.75;13.15959358
314.375;12.59835339
315;13.90650654
315.625;13.77569103
316.25;11.47798443
316.875;11.36826801
317.5;11.60668945
318.125;11.61301899
318.75;12.84732437
319.375;12.44854927
320;11.7986927
320.625;12.49496746
321.25;11.60246944
321.875;11.7185154
322.5;11.77759361
323.125;12.51606655
323.75;11.2184639
324.375;10.85133648
325;10.74584103
325.625;11.86198997
326.25;12.127841
326.875;11.80080223
327.5;11.02435017
328.125;12.30085468
328.75;12.90640259
329.375;14.09639931
330;14.64075947
330.625;13.12161446
331.25;10.70997238
331.875;11.12140751
332.5;12.11096096
333.125;12.36415195
333.75;14.20611572
334.375;14.19978523
335;12.74604797
335.625;14.26941299
336.25;15.14714146
336.875;14.3749094
337.5;14.60911083
338.125;14.27785301
338.75;15.23575783
339.375;15.28217602
340;14.18290615
340.625;15.50371838
341.25;14.43398666
341.875;14.35169983
342.5;14.15125751
343.125;14.06053066
343.75;14.59434128
344.375;15.04797459
345;15.54802704
345.625;14.51416397
346.25;12.9359417
346.875;12.81989574
347.5;13.67441463
348.125;12.21645737
348.75;12.57936382
349.375;12.57936382
350;12.57936382
350.625;12.57936382
351.25;12.39791107
351.875;12.31140423
352.5;12.33883286
353.125;12.56248474
353.75;13.69551373
354.375;11.44844532
355;12.21856689
355.625;13.13005447
356.25;12.14894009
356.875;11.66576767
357.5;13.78835011
358.125;14.6027813
358.75;12.66165161
359.375;12.35149288
360;13.34104633
360.625;12.85154438
361.25;12.45909882
361.875;12.38103104
362.5;11.70585632
363.125;11.3893671
363.75;10.47366047
364.375;11.32817936
365;11.81768227
365.625;11.06865883
366.25;10.94628334
366.875;11.31340981
367.5;12.36626148
368.125;13.25031948
368.75;11.06021881
369.375;12.23966694
370;12.25443554
370.625;9.944069862
371.25;9.960948944
371.875;10.14451218
372.5;11.03911972
373.125;14.32638073
373.75;13.5668087
374.375;13.16803265
375;13.51406002
375.625;12.79457664
376.25;12.2227869
376.875;10.59814644
377.5;11.97381592
378.125;12.6067934
378.75;13.35159588
379.375;14.40655804
380;14.42343712
380.625;14.26519299
381.25;14.22088432
381.875;13.98035336
382.5;12.85787392
383.125;11.33028984
383.75;12.86209393
384.375;11.28176117
385;12.03289413
385.625;13.52672005
386.25;13.69762325
386.875;12.8346653
387.5;11.94005775
388.125;12.41057014
388.75;12.83888435
389.375;12.36837196
390;13.0308876
390.625;11.81557178
391.25;13.65542507
391.875;14.24409389
392.5;10.84500694
393.125;10.5559473
393.75;12.05821323
394.375;13.29251862
395;12.7080698
395.625;10.5010891
396.25;11.56449127
396.875;13.11317444
397.5;11.86410046
398.125;11.56871128
398.75;12.26920509
399.375;12.41057014
400;12.41057014
400.625;12.73127842
401.25;11.86198997
401.875;12.41057014
402.5;11.70796585
403.125;12.5772543
403.75;11.99069595
404.375;12.67009068
405;12.33672333
405.625;10.63612461
406.25;10.49265003
406.875;13.04987717
407.5;13.8389883
408.125;13.07308674
408.75;14.14703751
409.375;14.2187748
410;11.89363861
410.625;10.8597765
411.25;11.99069595
411.875;13.38113499
412.5;12.99079895
413.125;11.86620998
413.75;11.80080223
414.375;12.30296421
415;11.35349846
415.625;10.49265003
416.25;12.95915031
416.875;12.49285698
417.5;10.0812149
418.125;10.80280876
418.75;12.34094238
419.375;12.82622528
420;11.43156624
420.625;11.84722042
421.25;12.93383121
421.875;12.78613663
422.5;13.47397137
423.125;12.8853035
423.75;13.3600359
424.375;13.48663139
425;12.8346653
425.625;13.84953785
426.25;14.46141624
426.875;13.98246384
427.5;13.87063789
428.125;12.84310436
428.75;13.61955643
429.375;13.87063789
430;12.76714706
430.625;14.13859749
431.25;12.46120834
431.875;11.70585632
432.5;11.29231071
433.125;11.72484493
433.75;12.83255482
434.375;12.61101341
435;13.54359913
435.625;13.14271355
436.25;13.35792637
436.875;13.15115356
437.5;13.27563858
438.125;13.99934292
438.75;12.57936382
439.375;11.43578529
440;11.73750496
440.625;11.81979179
441.25;9.944069862
441.875;9.365950584
442.5;10.04745579
443.125;10.29220676
443.75;10.9104147
444.375;11.67209721
445;10.97793198
445.625;11.7733736
446.25;11.62778854
446.875;11.96115685
447.5;11.63411808
448.125;10.09176445
448.75;10.85344696
449.375;11.69108677
450;11.69108677
450.625;11.69108677
451.25;9.551624298
451.875;8.460793495
452.5;11.42312622
453.125;11.73961449
453.75;11.63833809
454.375;13.52250004
455;13.8643074
455.625;13.23133087
456.25;13.61533642
456.875;13.56047821
457.5;13.25031948
458.125;12.62156296
458.75;12.86420345
459.375;11.88941956
460;12.32617378
460.625;12.92961121
461.25;11.76915359
461.875;12.64899158
462.5;13.52882957
463.125;12.9612608
463.75;11.56027126
464.375;12.50340652
465;13.97613335
465.625;13.7440424
466.25;13.17014313
466.875;13.03932762
467.5;12.22700691
468.125;12.71017933
468.75;13.65964508
469.375;12.66798115
470;11.31340981
470.625;12.08986187
471.25;13.12794399
471.875;10.69309235
472.5;11.51807308
473.125;12.34516239
473.75;11.617239
474.375;11.93161774
475;9.813254356
475.625;11.68686676
476.25;12.55826473
476.875;11.83456135
477.5;10.40192318
478.125;9.064231873
478.75;9.214035988
479.375;9.114870071
480;9.952508926
480.625;10.17405128
481.25;10.06011581
481.875;8.684445381
482.5;9.049462318
483.125;9.699318886
483.75;9.142298698
484.375;10.19726086
485;11.2184639
485.625;9.043132782
486.25;9.771056175
486.875;10.39559364
487.5;9.171837807
488.125;9.859672546
488.75;8.823699951
489.375;8.648576736
490;9.676109314
490.625;9.952508926
491.25;10.42091274
491.875;7.975511074
492.5;8.408045769
493.125;7.45857954
493.75;9.104320526
494.375;9.40392971
495;8.640136719
495.625;8.825810432
496.25;9.711977959
496.875;10.359725
497.5;9.579052925
498.125;9.241465569
498.75;9.334301949
499.375;10.76272011
500;11.19947433
500.625;9.762616158
501.25;10.76272011
501.875;10.71208191
502.5;11.1678257
503.125;10.18882084
503.75;9.610701561
504.375;10.14451218
505;10.74162102
505.625;12.25865555
506.25;11.78603268
506.875;10.39348316
507.5;11.26277161
508.125;10.92096424
508.75;12.05399323
509.375;10.1824913
510;8.437583923
510.625;9.608592033
511.25;10.4504509
511.875;9.199266434
512.5;7.083013535
513.125;7.099892616
513.75;9.342741013
514.375;8.230812073
515;6.838262081
515.625;7.171630383
516.25;6.804503441
516.875;3.717685223
517.5;7.167410374
518.125;8.224481583
518.75;7.369963169
519.375;6.7960639
520;6.481685162
520.625;6.209505081
521.25;4.69879961
521.875;5.755871296
522.5;6.139877319
523.125;7.492338657
523.75;6.437376976
524.375;5.447822571
525;5.300127983
525.625;5.916225433
526.25;5.162982941
526.875;6.428936958
527.5;5.127114296
528.125;3.878039598
528.75;5.057486534
529.375;6.84248209
530;5.772750854
530.625;4.789526463
531.25;6.000622749
531.875;5.122894287
532.5;4.430839539
533.125;4.977309704
533.75;5.696793556
534.375;5.895126343
535;6.994396687
535.625;6.464805603
536.25;7.076683521
536.875;6.194735527
537.5;6.834042549
538.125;6.553422451
538.75;5.684134007
539.375;5.7579813
540;5.985853195
540.625;6.146207333
541.25;6.416277409
541.875;6.730656147
542.5;6.513333797
543.125;6.047040939
543.75;8.429144859
544.375;8.572619438
545;6.418387413
545.625;5.445712566
546.25;6.682127953
546.875;7.538756847
547.5;7.72232008
548.125;7.317214966
548.75;7.353083611
549.375;8.266680717
550;7.667462349
550.625;7.667462349
551.25;7.667462349
551.875;7.667462349
552.5;7.798277378
553.125;6.308671474
553.75;6.500674248
554.375;7.03448534
555;6.964857578
555.625;6.815052986
556.25;5.810729504
556.875;6.234824181
557.5;7.213828564
558.125;5.717892647
558.75;4.802186012
559.375;2.734460831
560;5.390854836
560.625;6.063920498
561.25;5.257929325
561.875;5.798069954
562.5;6.327660561
563.125;6.047040939
563.75;5.106015205
564.375;5.224170685
565;5.707343102
565.625;5.103905201
566.25;5.477361679
566.875;4.33378315
567.5;3.377987623
568.125;4.47303772
568.75;5.608176708
569.375;4.074262142
570;3.464494467
570.625;3.711355448
571.25;6.768634796
571.875;7.456470013
572.5;6.26014328
573.125;5.696793556
573.75;6.612500191
574.375;5.494240761
575;3.489813566
575.625;4.992079258
576.25;6.5914011
576.875;7.336204052
577.5;6.553422451
578.125;5.534329414
578.75;4.027843952
579.375;5.517449856
580;7.551416397
580.625;7.294005871
581.25;7.99450016
581.875;6.601950645
582.5;7.494448662
583.125;8.224481583
583.75;7.418491364
584.375;6.806613445
585;7.587285042
585.625;9.233025551
586.25;9.123309135
586.875;7.912213326
587.5;9.222476006
588.125;8.676005363
588.75;9.072670937
589.375;9.340631485
590;7.986060619
590.625;7.285565853
591.25;8.726643562
591.875;8.614817619
592.5;8.916537285
593.125;8.437583923
593.75;7.747639179
594.375;6.831932545
595;5.477361679
595.625;6.582961559
596.25;7.452250004
596.875;6.502784252
597.5;6.118778229
598.125;5.897236347
598.75;5.897236347
599.375;6.551312447
600;6.177855968
600.625;6.686347961
601.25;6.346650124
601.875;6.443706512
602.5;5.291688442
603.125;5.059596539
603.75;5.787520409
604.375;4.61862278
605;5.939435005
605.625;4.466708183
606.25;4.437169075
606.875;4.177648544
607.5;3.58054018
608.125;4.852824211
608.75;5.114454746
609.375;5.572308064
610;3.913908243
610.625;4.840164661
611.25;6.148317337
611.875;5.184082031
612.5;4.186088085
613.125;6.405727863
613.75;7.015495777
614.375;4.243056297
615;5.131334305
615.625;5.241050243
616.25;4.829615116
616.875;5.968973637
617.5;6.753865242
618.125;6.00906229
618.75;4.688250065
619.375;5.285358429
620;6.044930935
620.625;8.697104454
621.25;8.897547722
621.875;7.16108036
622.5;6.154646873
623.125;8.015599251
623.75;7.315104961
624.375;8.154854774
625;8.005049706
625.625;8.188612938
626.25;8.108436584
626.875;7.452250004
627.5;6.220054626
628.125;6.426826954
628.75;7.399501801
629.375;7.285565853
630;6.422607422
630.625;6.994396687
631.25;4.907681942
631.875;7.036594868
632.5;6.323441029
633.125;6.013282299
633.75;6.766524792
634.375;6.715886593
635;6.032271385
635.625;5.846598148
636.25;6.872021198
636.875;5.388744831
637.5;4.880253315
638.125;3.761993647
638.75;1.533914447
639.375;2.158451796
640;3.977205992
640.625;3.392757177
641.25;2.553007603
641.875;1.616201401
642.5;2.280827284
643.125;0.679395378
643.75;-0.472622871
644.375;0.213102281
645;0.941025913
645.625;0.559129715
646.25;-0.350247324
646.875;0.609767914
647.5;0.997993827
648.125;0.417764872
648.75;0.375566393
649.375;0
650;0
650.625;0
651.25;-0.639306843
651.875;0.147694647
652.5;-0.607657969
653.125;-0.749022841
653.75;-1.485386133
654.375;-1.799764752
655;-1.221645713
655.625;0.888277829
656.25;1.278613687
656.875;2.856836557
657.5;1.998097658
658.125;0.26374045
658.75;1.016983151
659.375;1.647850275
660;2.247068644
660.625;2.922244072
661.25;2.780879259
661.875;3.485593796
662.5;3.169105053
663.125;3.462384462
663.75;3.970876217
664.375;5.747431755
665;5.920445442
665.625;4.713569164
666.25;4.899242401
666.875;4.038393497
667.5;3.276711226
668.125;4.829615116
668.75;5.063816547
669.375;6.167306423
670;5.103905201
670.625;6.661028862
671.25;7.228598118
671.875;6.409947872
672.5;6.209505081
673.125;5.253709793
673.75;3.842170715
674.375;4.1164608
675;5.397184372
675.625;3.086818218
676.25;4.101691246
676.875;4.143889904
677.5;4.105911255
678.125;4.648161411
678.75;4.548995018
679.375;2.962332726
680;1.848293066
680.625;1.168897629
681.25;1.894711375
681.875;0.749022841
682.5;0.563349605
683.125;-0.175123662
683.75;1.605651855
684.375;0.711044252
685;0.185673267
685.625;0.637196898
686.25;1.443187714
686.875;1.09716022
687.5;-0.997993827
688.125;0.092836633
688.75;0.459963322
689.375;0.333367914
690;0.839749575
690.625;-0.951575518
691.25;0.708934307
691.875;1.886271596
692.5;0.905157208
693.125;0.805990815
693.75;1.882051826
694.375;2.048735857
695;3.753554106
695.625;3.424405813
696.25;1.289163232
696.875;1.603541851
697.5;3.029850245
698.125;2.582546473
698.75;3.27460146
699.375;3.774653196
700;2.694372416
700.625;2.987651825
701.25;3.029850245
701.875;3.029850245
702.5;4.456158638
703.125;3.804192066
703.75;2.685932636
704.375;4.449828625
705;4.679810524
705.625;5.838158607
706.25;5.94998455
706.875;5.416173935
707.5;5.72422266
708.125;5.298017979
708.75;6.137767792
709.375;7.074573517
710;7.433260441
710.625;5.563868523
711.25;5.517449856
711.875;6.253813267
712.5;5.890906334
713.125;5.97530365
713.75;6.015391827
714.375;5.173532486
715;5.705233097
715.625;5.403514385
716.25;5.198851585
716.875;5.038497448
717.5;4.555325031
718.125;4.025733948
718.75;3.012970924
719.375;3.55944109
720;2.709141731
720.625;1.514925122
721.25;1.128809094
721.875;-0.396665633
722.5;-1.090830445
723.125;-1.164677858
723.75;-0.789111435
724.375;0.071737401
725;0.54436028
725.625;-0.046418317
726.25;-0.740583181
726.875;-1.046522021
727.5;-0.132925183
728.125;-0.900937378
728.75;-1.521254897
729.375;-1.932690024
730;-1.6668396
730.625;0.109716028
731.25;0.179343507
731.875;1.196326613
732.5;0.597108364
733.125;-1.181557178
733.75;-0.335477859
734.375;1.141468644
735;-0.054858014
735.625;-0.107606098
736.25;-0.839749575
736.875;2.033966303
737.5;3.569990635
738.125;2.1605618
738.75;-0.175123662
739.375;1.069731236
740;2.198540449
740.625;0.907267153
741.25;1.196326613
741.875;2.74712038
742.5;1.812424302
743.125;2.331465483
743.75;2.278717518
744.375;2.468610525
745;2.633184671
745.625;2.512918949
746.25;1.850402951
746.875;3.759883881
747.5;4.675590515
748.125;4.977309704
748.75;3.148005962
749.375;4.675590515
750;4.675590515
750.625;4.675590515
751.25;5.283248425
751.875;5.346546173
752.5;5.591297626
753.125;5.715783119
753.75;5.089135647
754.375;5.673584461
755;6.530213356
755.625;5.884576797
756.25;4.943551064
756.875;6.726436138
757.5;6.251703262
758.125;5.424613476
758.75;4.219847202
759.375;4.325343132
760;4.424509525
760.625;4.224066734
761.25;3.924457788
761.875;4.378091335
762.5;3.81896162
763.125;4.574314117
763.75;2.586766243
764.375;2.118363142
765;3.806302071
765.625;3.135346413
766.25;2.956002951
766.875;2.386323452
767.5;2.314586163
768.125;3.650167704
768.75;2.493929625
769.375;1.057071686
770;0.143474802
770.625;1.200546503
771.25;3.344228745
771.875;3.293590546
772.5;3.02774024
773.125;3.232402802
773.75;3.466604471
774.375;2.483380079
775;2.055065632
775.625;3.204973936
776.25;1.780775428
776.875;3.067828894
777.5;2.894815207
778.125;2.095154047
778.75;4.542665482
779.375;3.407526493
780;2.337795258
780.625;4.02362442
781.25;4.574314117
781.875;3.804192066
782.5;4.759987354
783.125;5.658814907
783.75;4.61862278
784.375;4.610182762
785;4.065822601
785.625;5.848708153
786.25;5.063816547
786.875;5.049046993
787.5;5.49846077
788.125;4.496247292
788.75;5.477361679
789.375;5.94998455
790;5.055377007
790.625;6.78340435
791.25;8.800491333
791.875;7.981840611
792.5;7.306665421
793.125;7.070353985
793.75;6.49856472
794.375;6.751755238
795;6.462695599
795.625;6.585071564
796.25;7.120992184
796.875;7.996610165
797.5;7.386842251
798.125;5.622946262
798.75;4.884472847
799.375;4.968870163
800;5.869807243
800.625;5.329667091
801.25;4.715679169
801.875;4.684030056
802.5;4.169209003
803.125;6.36563921
803.75;6.08079958
804.375;5.515340328
805;4.688250065
805.625;3.407526493
806.25;2.569886923
806.875;4.35488224
807.5;5.251599789
808.125;4.30846405
808.75;2.810418129
809.375;2.306146383
810;1.314482331
810.625;2.939123392
811.25;2.523468494
811.875;0.694164872
812.5;1.050741911
813.125;0.647746503
813.75;3.447615147
814.375;3.791532516
815;2.120473146
815.625;0.605548084
816.25;2.377883911
816.875;1.082390785
817.5;2.814637899
818.125;3.586869955
818.75;2.270277739
819.375;-0.318598449
820;0.723703802
820.625;2.812528133
821.25;3.221853256
821.875;2.799868584
822.5;3.743004322
823.125;3.164885283
823.75;4.793746471
824.375;4.791636467
825;5.392964363
825.625;3.616409063
826.25;3.664937258
826.875;5.095465183
827.5;4.266265392
828.125;4.209297657
828.75;5.255819798
829.375;6.08079958
830;5.122894287
830.625;5.722112656
831.25;5.559648514
831.875;6.030161381
832.5;7.566185951
833.125;7.289785862
833.75;6.011172295
834.375;5.825499058
835;6.739095688
835.625;6.665248394
836.25;7.220158577
836.875;6.078689575
837.5;7.083013535
838.125;7.167410374
838.75;4.918231964
839.375;2.553007603
840;3.335789204
840.625;5.738992214
841.25;6.02172184
841.875;5.625056267
842.5;4.939331055
843.125;4.257825851
843.75;3.620628834
844.375;3.968766212
845;3.761993647
845.625;3.418076038
846.25;1.736467123
846.875;3.375877619
847.5;3.903358459
848.125;3.32523942
848.75;4.053163052
849.375;4.236726284
850;4.707239628
850.625;4.042613506
851.25;1.367230415
851.875;1.563453317
852.5;1.384109855
853.125;1.054961801
853.75;2.152122021
854.375;2.124692917
855;2.099373817
855.625;2.778769255
856.25;2.316696167
856.875;1.772335768
857.5;2.947563171
858.125;2.417972326
858.75;2.392653227
859.375;0.848189294
860;1.728027344
860.625;2.074054956
861.25;1.071841121
861.875;3.299920321
862.5;3.437065363
863.125;3.631178379
863.75;3.456054688
864.375;2.107813597
865;3.29148078
865.625;3.253502131
866.25;3.56366086
866.875;3.200753927
867.5;2.272387743
868.125;2.354674578
868.75;3.89069891
869.375;5.091245651
870;4.487807274
870.625;3.840060949
871.25;1.981218219
871.875;5.20096159
872.5;5.471031666
873.125;5.125004292
873.75;4.838054657
874.375;4.365431786
875;4.289474487
875.625;5.211511135
876.25;4.302134037
876.875;3.603749514
877.5;3.33789897
878.125;4.078482151
878.75;4.892912865
879.375;4.297914505
880;3.00664115
880.625;3.664937258
881.25;4.96254015
881.875;4.734668255
882.5;3.84428072
883.125;5.068036556
883.75;5.420393467
884.375;3.150115967
885;2.732351065
885.625;4.595413685
886.25;4.044723511
886.875;1.983328104
887.5;0.723703802
888.125;1.681609035
888.75;3.601639509
889.375;3.578430414
890;3.424405813
890.625;2.71336174
891.25;3.297810555
891.875;3.434955597
892.5;0.609767914
893.125;1.086610675
893.75;1.987547994
894.375;2.850506783
895;1.789215207
895.625;0.411435097
896.25;1.422088504
896.875;1.34402132
897.5;1.040192366
898.125;0.27218014
898.75;2.116253376
899.375;2.116253376
900;2.175331116
900.625;1.025422812
901.25;1.177337289
901.875;2.116253376
902.5;2.888485432
903.125;2.650063992
903.75;2.350454807
904.375;0.789111435
905;2.004427433
905.625;3.643837929
906.25;3.673376799
906.875;4.224066734
907.5;4.865483761
908.125;3.679706573
908.75;5.249489784
909.375;5.679913998
910;4.101691246
910.625;4.513126373
911.25;5.521669865
911.875;3.542561531
912.5;1.730137348
913.125;3.270381451
913.75;5.327557087
914.375;5.460482121
915;3.694476128
915.625;2.1605618
916.25;2.396873236
916.875;3.329459429
917.5;2.114143372
918.125;1.964338779
918.75;3.065718889
919.375;1.462177038
920;2.812528133
920.625;1.358790755
921.25;2.183770895
921.875;2.797758579
922.5;1.825083852
923.125;0.698384702
923.75;1.128809094
924.375;1.396769404
925;2.272387743
925.625;1.757566333
926.25;0.751132786
926.875;1.133028984
927.5;1.11825943
928.125;2.835737228
928.75;4.35488224
929.375;3.354778528
930;2.964442492
930.625;2.388433456
931.25;3.542561531
931.875;2.888485432
932.5;2.546677828
933.125;2.297706842
933.75;1.991767883
934.375;1.479056358
935;2.991871595
935.625;3.865380049
936.25;2.228079319
936.875;2.502369404
937.5;1.848293066
938.125;3.101587534
938.75;3.597419739
939.375;3.038290024
940;3.430735588
940.625;2.498149395
941.25;4.234616756
941.875;5.211511135
942.5;5.116564751
943.125;3.05727911
943.75;3.268271685
944.375;5.169312477
945;5.146103382
945.625;4.914011955
946.25;4.954100609
946.875;5.000518799
947.5;5.061706543
948.125;4.947770596
948.75;5.768530846
949.375;5.7833004
950;5.319117069
950.625;5.319117069
951.25;5.004738808
951.875;5.025837898
952.5;5.635605812
953.125;4.994189262
953.75;4.477257729
954.375;3.143786192
955;3.863270044
955.625;4.344332695
956.25;4.515236378
956.875;4.137559891
957.5;4.496247292
958.125;4.924561501
958.75;2.388433456
959.375;4.574314117
960;5.77064085
960.625;4.356992245
961.25;3.470824242
961.875;5.977413654
962.5;5.097575188
963.125;3.002421141
963.75;3.920238018
964.375;5.433053017
965;5.272698879
965.625;3.515132666
966.25;3.080488443
966.875;3.909688234
967.5;3.24928236
968.125;3.690256357
968.75;3.394866943
969.375;1.94323957
970;4.776866913
970.625;5.696793556
971.25;3.700805902
971.875;2.031856298
972.5;3.759883881
973.125;3.953996658
973.75;4.722008705
974.375;5.190412045
975;6.35297966
975.625;4.753657818
976.25;3.783092976
976.875;4.688250065
977.5;3.409636497
978.125;3.314689875
978.75;2.884265423
979.375;4.202967644
980;4.892912865
980.625;5.300127983
981.25;5.441493034
981.875;4.584863663
982.5;4.325343132
983.125;5.29379797
983.75;6.800283432
984.375;6.144097328
985;4.612292767
985.625;7.456470013
986.25;7.300335407
986.875;6.317111015
987.5;5.922555447
988.125;5.369755268
988.75;4.966760159
989.375;5.361315727
990;6.475355148
990.625;6.798173904
991.25;6.445816517
991.875;5.184082031
992.5;4.994189262
993.125;4.989969254
993.75;5.622946262
994.375;4.443499088
995;5.745321751
995.625;5.812839508
996.25;4.16287899
996.875;3.686036348
997.5;3.686036348
998.125;3.686036348
998.75;4.131230354
999.375;3.686036348
1000;3.686036348
1000.625;3.686036348
1001.25;3.686036348
1001.875;3.686036348
1002.5;4.276814938
1003.125;2.251288414
1003.75;3.207083702
1004.375;1.595102191
1005;4.422399998
1005.625;6.220054626
1006.25;4.200857639
1006.875;3.542561531
1007.5;2.344125032
1008.125;2.757670164
1008.75;3.361108303
1009.375;2.493929625
1010;3.072048664
1010.625;2.584656239
1011.25;3.709245682
1011.875;2.932793617
1012.5;3.388537169
1013.125;2.996091366
1013.75;3.361108303
1014.375;2.257618189
1015;2.618415117
1015.625;4.614402771
1016.25;4.359102249
1016.875;3.27460146
1017.5;3.335789204
1018.125;2.179551125
1018.75;2.405312777
1019.375;3.658607483
1020;3.251392126
1020.625;3.686036348
1021.25;4.281034946
1021.875;3.960326433
1022.5;4.696689606
1023.125;5.044826984
1023.75;4.892912865
1024.375;4.548995018
1025;4.831725121
1025.625;5.044826984
1026.25;2.71336174
1026.875;4.097471714
1027.5;4.325343132
1028.125;3.928677559
1028.75;3.597419739
1029.375;3.133236408
1030;2.122583151
1030.625;2.508699179
1031.25;3.314689875
1031.875;4.819065571
1032.5;3.983535767
1033.125;4.783196926
1033.75;2.842067003
1034.375;2.818857908
1035;4.348552227
1035.625;4.722008705
1036.25;2.565667152
1036.875;3.403306723
1037.5;3.297810555
1038.125;3.008750916
1038.75;3.569990635
1039.375;3.540451765
1040;4.278924942
1040.625;4.477257729
1041.25;4.287364483
1041.875;3.81896162
1042.5;1.042302251
1043.125;3.342118979
1043.75;3.705025673
1044.375;2.506589174
1045;2.379993677
1045.625;3.245062351
1046.25;3.407526493
1046.875;1.87994194
1047.5;0.512711406
1048.125;2.361004353
1048.75;1.671059489
1049.375;2.361004353
1050;2.361004353
1050.625;2.361004353
1051.25;2.953892946
1051.875;2.72602129
1052.5;1.827193737
1053.125;2.555117369
1053.75;1.316592336
1054.375;1.462177038
1055;2.213309765
1055.625;1.10138011
1056.25;1.884161711
1056.875;3.074158669
1057.5;3.346338749
1058.125;2.565667152
1058.75;1.936909795
1059.375;3.084708214
1060;3.970876217
1060.625;3.633288383
1061.25;3.542561531
1061.875;3.54678154
1062.5;3.169105053
1063.125;1.976998329
1063.75;3.399086952
1064.375;3.166995287
1065;4.076372147
1065.625;4.449828625
1066.25;3.918128014
1066.875;3.574210405
1067.5;3.283041
1068.125;3.32101965
1068.75;5.675694466
1069.375;4.884472847
1070;4.042613506
1070.625;4.521566391
1071.25;3.59319973
1071.875;3.29570055
1072.5;5.190412045
1073.125;4.745218277
1073.75;3.002421141
1074.375;3.637508154
1075;3.171215057
1075.625;3.05727911
1076.25;4.861263752
1076.875;4.846494198
1077.5;3.821071625
1078.125;2.365224361
1078.75;2.48759985
1079.375;3.58054018
1080;1.94323957
1080.625;1.154128194
1081.25;2.75556016
1081.875;3.327349424
1082.5;1.734357119
1083.125;1.595102191
1083.75;1.700598359
1084.375;1.316592336
1085;1.531804442
1085.625;1.939019799
1086.25;1.894711375
1086.875;-0.396665633
1087.5;0.791221321
1088.125;0.810210645
1088.75;0.390335858
1089.375;1.07606101
1090;0.865068674
1090.625;1.510705233
1091.25;2.063505173
1091.875;0.381896168
1092.5;0.554909885
1093.125;1.34402132
1093.75;-0.206772506
1094.375;-0.677285433
1095;1.291273236
1095.625;1.850402951
1096.25;1.858842611
1096.875;0.822870195
1097.5;0.092836633
1098.125;-0.350247324
1098.75;1.417868614
1099.375;1.225865602
1100;2.131022692
1100.625;2.002317429
1101.25;-0.143474802
1101.875;0.466293097
1102.5;0.751132786
1103.125;0.457853407
1103.75;0.976894617
1104.375;-0.647746503
1105;-1.042302251
1105.625;-0.394555718
1106.25;0.898827434
1106.875;0.219432056
1107.5;0.692054927
1108.125;1.993877769
1108.75;1.673169374
1109.375;0.362906843
1110;0.424094647
1110.625;0.81232059
1111.25;1.875722051
1111.875;2.339905262
1112.5;1.10981977
1113.125;0.723703802
1113.75;2.852616549
1114.375;1.837743402
1115;0.924146533
1115.625;0.793331265
1116.25;1.966448784
1116.875;1.753346443
1117.5;2.114143372
1118.125;0.128705338
1118.75;-2.405312777
1119.375;0.006329771
1120;2.320915937
1120.625;1.495935798
1121.25;0.29749921
1121.875;0.746912956
1122.5;0.877728224
1123.125;-1.105599999
1123.75;-0.597108364
1124.375;0.881948054
1125;0.761682391
1125.625;1.006433487
1126.25;0.818650365
1126.875;1.588772416
1127.5;0.730033576
1128.125;-0.004219847
1128.75;0.109716028
1129.375;0.356577069
1130;-1.177337289
1130.625;0.333367914
1131.25;0.179343507
1131.875;-0.945245743
1132.5;-0.464183182
1133.125;0.225761816
1133.75;-0.603438139
1134.375;-1.698488474
1135;-1.031752586
1135.625;-2.439071655
1136.25;-0.25952059
1136.875;1.126699209
1137.5;-1.111929655
1138.125;-2.833627224
1138.75;-2.75977993
1139.375;-0.694164872
1140;-0.080177099
1140.625;-1.13091898
1141.25;-0.590778589
1141.875;-0.130815253
1142.5;0.805990815
1143.125;0.957905293
1143.75;-2.023416758
1144.375;0.681505322
1145;1.736467123
1145.625;-0.943135798
1146.25;-0.135035113
1146.875;0.768012166
1147.5;1.698488474
1148.125;-0.341807604
1148.75;0.768012166
1149.375;1.742796898
1150;0.768012166
1150.625;0.768012166
1151.25;0.768012166
1151.875;-0.215212196
1152.5;0.768012166
1153.125;1.223755717
1153.75;1.668949485
1154.375;0.613987744
1155;0.818650365
1155.625;1.306042671
1156.25;3.021410465
1156.875;3.407526493
1157.5;1.565563321
1158.125;0.181453422
1158.75;0.85029918
1159.375;1.498045683
1160;1.472726583
1160.625;0.324928224
1161.25;1.898931146
1161.875;4.074262142
1162.5;3.479264021
1163.125;1.833523512
1163.75;1.457957149
1164.375;0.459963322
1165;-0.107606098
1165.625;1.027532816
1166.25;0.506381631
1166.875;-0.713154137
1167.5;0.002109924
1168.125;-0.84607935
1168.75;1.318702221
1169.375;1.706928134
1170;-0.312268674
1170.625;-0.782781661
1171.25;0.576009154
1171.875;-1.173117518
1172.5;-0.744803011
1173.125;-0.542250335
1173.75;-0.611877859
1174.375;0.626647294
1175;0.411435097
1175.625;-0.689944983
1176.25;0.447303802
1176.875;0.339697689
1177.5;0.506381631
1178.125;0.26374045
1178.75;0.637196898
1179.375;1.189996839
1180;-0.170903802
1180.625;-0.818650365
1181.25;0.947355688
1181.875;1.854622841
1182.5;1.588772416
1183.125;1.217425942
1183.75;0.673065603
1184.375;1.966448784
1185;1.405209064
1185.625;0.257410675
1186.25;2.540348053
1186.875;2.175331116
1187.5;1.542354107
1188.125;0.694164872
1188.75;-0.25530076
1189.375;0.533810675
1190;1.704818249
1190.625;0.941025913
1191.25;1.012763262
1191.875;1.124589205
1192.5;0.862958729
1193.125;0.725813687
1193.75;1.204766393
1194.375;1.580332756
1195;1.506485462
1195.625;0.56545949
1196.25;0.694164872
1196.875;-0.257410675
1197.5;-0.757462561
1198.125;-0.12026564
1198.75;-0.740583181
1199.375;-0.740583181
1200;-0.740583181
1200.625;-0.740583181
1201.25;-0.740583181
1201.875;-0.740583181
1202.5;-0.740583181
1203.125;-0.25530076
1203.75;-2.175331116
1204.375;-0.365016788
1205;-0.843969405
1205.625;-1.249074697
1206.25;0.487392336
1206.875;-0.173013732
1207.5;-1.166787744
1208.125;-0.213102281
1208.75;-1.542354107
1209.375;-1.194216728
1210;-0.377676308
1210.625;0.609767914
1211.25;-1.491715908
1211.875;-1.958009005
1212.5;-2.635294437
1213.125;-1.158348083
1213.75;0.28905952
1214.375;-1.367230415
1215;-2.856836557
1215.625;-2.500259399
1216.25;-2.071944952
1216.875;-1.441077828
1217.5;-1.232195377
1218.125;-1.38621974
1218.75;-0.523261011
1219.375;-0.635087013
1220;-3.411746264
1220.625;-2.688042641
1221.25;-0.54858011
1221.875;-0.628757238
1222.5;0.25530076
1223.125;0.082287021
1223.75;-0.658296168
1224.375;0.26374045
1225;-1.67527926
1225.625;-2.9939816
1226.25;-0.774341941
1226.875;0.149804577
1227.5;-0.941025913
1228.125;-1.206876278
1228.75;-0.628757238
1229.375;0.023209158
1230;0.154024422
1230.625;-0.738473237
1231.25;-2.004427433
1231.875;-0.065407626
1232.5;0.054858014
1233.125;0.666735828
1233.75;0.324928224
1234.375;1.189996839
1235;1.37778008
1235.625;0.516931295
1236.25;1.181557178
1236.875;1.215315938
1237.5;0.033758778
1238.125;0.26374045
1238.75;0.472622871
1239.375;-0.900937378
1240;1.09716022
1240.625;1.173117518
1241.25;0.56123966
1241.875;0.124485493
1242.5;0.599218309
1243.125;0.240531281
1243.75;-1.048632026
1244.375;0.213102281
1245;0.753242731
1245.625;-0.683615208
1246.25;-1.474836588
1246.875;-1.643630505
1247.5;-1.643630505
1248.125;-1.782885432
1248.75;-1.643630505
1249.375;-1.643630505
1250;-1.643630505
1250.625;-2.287157059
1251.25;-2.107813597
1251.875;-1.643630505
1252.5;-1.643630505
1253.125;-1.413648725
1253.75;-1.814534307
1254.375;-0.670955718
1255;-1.89682126
1255.625;-4.061603069
1256.25;-2.386323452
1256.875;-0.069627479
1257.5;0.282729745
1258.125;0.027429007
1258.75;0.54858011
1259.375;-0.278509915
1260;-0.56545949
1260.625;-1.341911435
1261.25;-2.979212046
1261.875;-3.78942275
1262.5;-2.084604502
1263.125;-1.141468644
1263.75;-0.907267153
1264.375;-1.434748054
1265;-1.052851796
1265.625;-2.344125032
1266.25;-1.128809094
1266.875;-1.069731236
1267.5;-0.841859519
1268.125;-0.818650365
1268.75;0.023209158
1269.375;0.002109924
1270;0.035868701
1270.625;-0.584448814
1271.25;-0.122375563
1271.875;-0.789111435
1272.5;-0.346027464
1273.125;0.327038139
1273.75;0.436754167
1274.375;0.56123966
1275;0.082287021
1275.625;-1.023312926
1276.25;-0.466293097
1276.875;2.128912926
1277.5;0.793331265
1278.125;0.955795348
1278.75;2.538238049
1279.375;1.582442641
1280;1.647850275
1280.625;2.301926613
1281.25;1.164677858
1281.875;1.021203041
1282.5;1.6668396
1283.125;1.217425942
1283.75;0.529590786
1284.375;1.704818249
1285;1.875722051
1285.625;0.673065603
1286.25;0.924146533
1286.875;1.272283912
1287.5;0.56545949
1288.125;-1.078170896
1288.75;0.215212196
1289.375;-0.753242731
1290;-0.489502251
1290.625;1.542354107
1291.25;1.008543491
1291.875;-0.521151125
1292.5;-0.248970985
1293.125;-0.11182595
1293.75;-0.787001491
1294.375;-0.744803011
1295;-1.6415205
1295.625;-1.90104115
1296.25;-0.962125123
1296.875;-1.187886953
1297.5;-1.187886953
1298.125;-1.187886953
1298.75;-1.187886953
1299.375;-1.603541851
1300;-1.860952616
1300.625;-2.196430445
1301.25;-1.187886953
1301.875;-1.536024332
1302.5;-1.187886953
1303.125;-1.61198163
1303.75;-1.411538839
1304.375;-2.116253376
1305;-1.124589205
1305.625;0.609767914
1306.25;-0.673065603
1306.875;0.554909885
1307.5;0.25530076
1308.125;0.740583181
1308.75;0.261630505
1309.375;0.890387714
1310;0.611877859
1310.625;0.402995408
1311.25;0.784891546
1311.875;-0.175123662
1312.5;0.037978623
1313.125;-0.107606098
1313.75;-0.789111435
1314.375;-0.55701983
1315;0.141364872
1315.625;1.006433487
1316.25;1.078170896
1316.875;2.215419769
1317.5;1.11403966
1318.125;1.211096168
1318.75;-1.057071686
1319.375;-2.327245712
1320;-0.069627479
1320.625;0.85451901
1321.25;0.025319083
1321.875;0.088616788
1322.5;1.038082361
1323.125;0.793331265
1323.75;0.407215238
1324.375;0.240531281
1325;0.601328194
1325.625;0.983224392
1326.25;1.829303741
1326.875;1.523364782
1327.5;0.084396943
1328.125;-0.5528
1328.75;0.757462561
1329.375;1.367230415
1330;0.919926643
1330.625;0.179343507
1331.25;0.481062561
1331.875;0.481062561
1332.5;0.246861055
1333.125;-0.143474802
1333.75;-0.122375563
1334.375;-0.687835097
1335;1.004323602
1335.625;1.253294587
1336.25;-0.341807604
1336.875;-0.831309855
1337.5;-1.135138869
1338.125;-0.525370955
1338.75;0.955795348
1339.375;1.234305263
1340;-0.084396943
1340.625;0.719483912
1341.25;-0.666735828
1341.875;-0.835529745
1342.5;1.415758729
1343.125;0.459963322
1343.75;1.13091898
1344.375;0.417764872
1345;-1.202656388
1345.625;-1.002213717
1346.25;-0.118155718
1346.875;-0.911486983
1347.5;-1.590882301
1348.125;-1.761786222
1348.75;-1.299712896
1349.375;-0.924146533
1350;-0.924146533
1350.625;-0.924146533
1351.25;-0.924146533
1351.875;-0.569679379
1352.5;-0.80388087
1353.125;-0.888277829
1353.75;-1.732247233
1354.375;0.333367914
1355;0.82498008
1355.625;-0.753242731
1356.25;-1.145688534
1356.875;-0.175123662
1357.5;0.443083942
1358.125;0.960015237
1358.75;-2.45806098
1359.375;-4.521566391
1360;-2.204870224
1360.625;-2.728131056
1361.25;-2.502369404
1361.875;-0.673065603
1362.5;-1.208986163
1363.125;-1.590882301
1363.75;-1.609871626
1364.375;-0.305938929
1365;-0.529590786
1365.625;-2.420082331
1366.25;-2.801978588
1366.875;-2.128912926
1367.5;-2.523468494
1368.125;-2.352564812
1368.75;-2.578326464
1369.375;-2.588876247
1370;-3.616409063
1370.625;-2.73868084
1371.25;-1.107709885
1371.875;-0.630867124
1372.5;-1.185777068
1373.125;-0.559129715
1373.75;-0.28905952
1374.375;-1.970668554
1375;-2.850506783
1375.625;-2.818857908
1376.25;-2.375773907
1376.875;-0.274290055
1377.5;-1.099270225
1378.125;-1.928470135
1378.75;-2.677493095
1379.375;-1.776555657
1380;-2.086714506
1380.625;-2.753450155
1381.25;-1.434748054
1381.875;-3.709245682
1382.5;-4.002524853
1383.125;-4.350662231
1383.75;-4.40130043
1384.375;-3.475044012
1385;-3.131126642
1385.625;-3.607969284
1386.25;-3.757773876
1386.875;-4.390750885
1387.5;-4.67770052
1388.125;-2.70070219
1388.75;-2.565667152
1389.375;-2.143682241
1390;-2.293486834
1390.625;-2.707031965
1391.25;-2.255508184
1391.875;-3.304140329
1392.5;-1.936909795
1393.125;-2.010757208
1393.75;-2.534018278
1394.375;-2.128912926
1395;-3.759883881
1395.625;-1.850402951
1396.25;-2.369444132
1396.875;-4.065822601
1397.5;-1.495935798
1398.125;-1.445297599
1398.75;-2.067725182
1399.375;-1.723807573
1400;-1.565563321
1400.625;-0.599218309
1401.25;-0.046418317
1401.875;-3.230293036
1402.5;-4.574314117
1403.125;-1.495935798
1403.75;-0.624537349
1404.375;-0.075957246
1405;-0.192003042
1405.625;-1.698488474
1406.25;-1.932690024
1406.875;-2.069834948
1407.5;-2.069834948
1408.125;-1.955899119
1408.75;0.554909885
1409.375;-0.651966393
1410;-0.343917549
1410.625;-0.189893126
1411.25;-1.000103712
1411.875;-0.202552661
1412.5;-0.797551095
1413.125;0.010549618
1413.75;-0.464183182
1414.375;-0.327038139
1415;-0.546470225
1415.625;-1.34402132
1416.25;-0.130815253
1416.875;0.175123662
1417.5;0.253190815
1418.125;-0.145584732
1418.75;0.173013732
1419.375;-2.175331116
1420;-0.609767914
1420.625;-0.409325182
1421.25;-1.574002981
1421.875;0.57811904
1422.5;0.274290055
1423.125;-1.441077828
1423.75;-1.310262561
1424.375;-0.670955718
1425;-1.643630505
1425.625;-3.05305934
1426.25;-2.346235037
1426.875;-1.803984642
1427.5;-2.297706842
1428.125;-1.384109855
1428.75;-1.590882301
1429.375;-0.160354197
1430;-0.166683957
1430.625;-1.09294045
1431.25;-0.810210645
1431.875;0.588668644
1432.5;-0.805990815
1433.125;-1.841963291
1433.75;-1.164677858
1434.375;-2.004427433
1435;-3.709245682
1435.625;-2.745010614
1436.25;-3.145895958
1436.875;-1.761786222
1437.5;-0.25952059
1438.125;-1.12247932
1438.75;-2.282937288
1439.375;-2.601535797
1440;-2.109923601
1440.625;-2.873715878
1441.25;-1.738577008
1441.875;-1.588772416
1442.5;-1.846183062
1443.125;-1.759676218
1443.75;-1.10981977
1444.375;-0.757462561
1445;0.694164872
1445.625;1.293383121
1446.25;-0.683615208
1446.875;-1.449517488
1447.5;-2.943343401
1448.125;-1.012763262
1448.75;-0.451523632
1449.375;-0.097056486
1450;-1.012763262
1450.625;-1.012763262
1451.25;-0.333367914
1451.875;-0.573899209
1452.5;-3.228183031
1453.125;-1.012763262
1453.75;-1.34402132
1454.375;-3.034070015
1455;-2.875825882
1455.625;-1.856732726
1456.25;-2.512918949
1456.875;-0.613987744
1457.5;-0.538030505
1458.125;-1.071841121
1458.75;-1.995987654
1459.375;-0.839749575
1460;0.438864112
1460.625;-0.694164872
1461.25;-1.451627374
1461.875;-1.086610675
1462.5;-0.145584732
1463.125;-0.928366363
1463.75;-2.014976978
1464.375;-0.8081007
1465;-0.411435097
1465.625;-0.928366363
1466.25;-1.13091898
1466.875;-1.434748054
1467.5;-0.917816758
1468.125;-1.035972476
1468.75;-1.487496138
1469.375;-1.839853287
1470;-1.751236558
1470.625;-2.71336174
1471.25;-2.017086983
1471.875;-1.023312926
1472.5;-1.211096168
1473.125;-1.694268584
1473.75;-2.371554136
1474.375;-0.265850365
1475;-0.390335858
1475.625;-1.595102191
1476.25;-3.124796867
1476.875;-3.477154016
1477.5;-1.867282391
1478.125;-1.168897629
1478.75;-0.8081007
1479.375;-0.869288504
1480;-0.789111435
1480.625;0.092836633
1481.25;-1.13091898
1481.875;-1.692158699
1482.5;-0.734253407
1483.125;-1.519145012
1483.75;0.12026564
1484.375;-0.147694647
1485;0.894607604
1485.625;1.432638049
1486.25;-1.791325092
1486.875;-2.112033367
1487.5;0.658296168
1488.125;0.487392336
1488.75;1.014873266
1489.375;-0.035868701
1490;-0.048528243
1490.625;0.670955718
1491.25;1.39043963
1491.875;0.715264082
1492.5;0.413545012
1493.125;-0.018989312
1493.75;-2.266057968
1494.375;-0.913596869
1495;-1.164677858
1495.625;-1.852512836
1496.25;-2.506589174
1496.875;-1.91792047
1497.5;-1.417868614
1498.125;-1.91792047
1498.75;-1.91792047
1499.375;-1.91792047
1500;-1.91792047
1500.625;-1.91792047
1501.25;-1.523364782
1501.875;-2.846286774
1502.5;-2.310366392
1503.125;-1.91792047
1503.75;-1.329251885
1504.375;-0.616097689
1505;-1.37778008
1505.625;-3.118467093
1506.25;-1.964338779
1506.875;-1.647850275
1507.5;-2.563557148
1508.125;-3.283041
1508.75;-2.550897598
1509.375;-1.709038019
1510;-2.498149395
1510.625;-4.032063961
1511.25;-4.439279079
1511.875;-4.764207363
1512.5;-5.941544533
1513.125;-5.840268612
1513.75;-3.996195316
1514.375;-4.369651794
1515;-3.067828894
1515.625;-4.245166302
1516.25;-3.27882123
1516.875;-3.641728163
1517.5;-4.785306454
1518.125;-3.764103651
1518.75;-4.257825851
1519.375;-4.234616756
1520;-4.038393497
1520.625;-3.880149364
1521.25;-2.468610525
1521.875;-1.320812106
1522.5;-0.649856448
1523.125;-0.795441151
1523.75;-2.282937288
1524.375;-1.95167923
1525;-3.677596807
1525.625;-2.131022692
1526.25;0.12026564
1526.875;0.274290055
1527.5;-0.550690055
1528.125;0.632977068
1528.75;0.926256418
1529.375;0.308048844
1530;-0.464183182
1530.625;-0.082287021
1531.25;0.694164872
1531.875;0.487392336
1532.5;1.07606101
1533.125;0.641416788
1533.75;0.451523632
1534.375;-0.481062561
1535;0.871398449
1535.625;2.977102041
1536.25;1.907370925
1536.875;2.012866974
1537.5;2.19432044
1538.125;0.620317519
1538.75;1.12247932
1539.375;0.814430475
1540;0.753242731
1540.625;-0.485282421
1541.25;-0.103386253
1541.875;0.81654042
1542.5;0.953685462
1543.125;0.668845773
1543.75;0.033758778
1544.375;-0.314378619
1545;0.050638165
1545.625;-0.415654927
1546.25;0.413545012
1546.875;1.35668087
1547.5;0.941025913
1548.125;0.2764
1548.75;-0.776451886
1549.375;-0.673065603
1550;-0.099166408
1550.625;-0.099166408
1551.25;-1.312372446
1551.875;-0.424094647
1552.5;-0.099166408
1553.125;-0.094946563
1553.75;-0.613987744
1554.375;0.516931295
1555;-0.56545949
1555.625;-0.951575518
1556.25;-0.601328194
1556.875;-0.588668644
1557.5;0.698384702
1558.125;0.472622871
1558.75;-0.286949605
1559.375;-0.521151125
1560;-1.179447293
1560.625;-1.974888444
1561.25;-1.392549515
1561.875;-3.215523481
1562.5;-3.496143341
1563.125;-2.365224361
1563.75;-2.455950975
1564.375;-2.797758579
1565;-0.53170073
1565.625;-0.670955718
1566.25;-0.603438139
1566.875;-2.500259399
1567.5;-2.382103682
1568.125;-1.563453317
1568.75;-2.014976978
1569.375;-3.439175367
1570;-5.471031666
1570.625;-6.26014328
1571.25;-5.087025642
1571.875;-4.861263752
1572.5;-4.646051884
1573.125;-4.791636467
1573.75;-4.707239628
1574.375;-6.547092915
1575;-5.428833485
1575.625;-4.814845562
1576.25;-5.084915638
1576.875;-4.302134037
1577.5;-5.705233097
1578.125;-5.709453106
1578.75;-3.650167704
1579.375;-4.561654568
1580;-7.713880539
1580.625;-5.831828594
1581.25;-3.645947933
1581.875;-3.352668524
1582.5;-3.692366123
1583.125;-4.392860889
1583.75;-4.819065571
1584.375;-3.415966272
1585;-3.975095987
1585.625;-4.224066734
1586.25;-3.166995287
1586.875;-2.675383091
1587.5;-3.175434828
1588.125;-3.747224331
1588.75;-3.268271685
1589.375;-3.928677559
1590;-3.669157028
1590.625;-3.299920321
1591.25;-3.783092976
1591.875;-3.542561531
1592.5;-2.574106693
1593.125;-2.266057968
1593.75;0.29327938
1594.375;-0.198332816
1595;-1.481166363
1595.625;-2.977102041
1596.25;-2.588876247
1596.875;-3.510912895
1597.5;-2.588876247
1598.125;-2.588876247
1598.75;-2.588876247
1599.375;-3.677596807
1600;-4.04894352
1600.625;-4.061603069
1601.25;-2.588876247
1601.875;-1.825083852
1602.5;-1.690048814
1603.125;-1.66261971
1603.75;-2.588876247
1604.375;-4.025733948
1605;-3.806302071
1605.625;-2.74712038
1606.25;-2.603645563
1606.875;-1.709038019
1607.5;-1.405209064
1608.125;-1.985438108
1608.75;-2.154232025
1609.375;-2.711251736
1610;-2.19010067
1610.625;-2.493929625
1611.25;-2.740790606
1611.875;-3.169105053
1612.5;-2.943343401
1613.125;-2.571996689
1613.75;-2.154232025
1614.375;-3.169105053
1615;-3.137456417
1615.625;-4.793746471
1616.25;-4.911901951
1616.875;-2.498149395
1617.5;-1.65839994
1618.125;-2.49181962
1618.75;-1.36934042
1619.375;-1.656289935
1620;-3.489813566
1620.625;-2.16478157
1621.25;-0.953685462
1621.875;-1.143578529
1622.5;-1.64574039
1623.125;-0.434644252
1623.75;-0.82076025
1624.375;-2.006537199
1625;-3.477154016
1625.625;-3.012970924
1626.25;-0.85029918
1626.875;-0.926256418
1627.5;-2.624744892
1628.125;-0.668845773
1628.75;-0.694164872
1629.375;-1.063401461
1630;-3.131126642
1630.625;-2.48759985
1631.25;-1.251184702
1631.875;-1.327141881
1632.5;-0.654076278
1633.125;-0.732143462
1633.75;-2.048735857
1634.375;-1.358790755
1635;-1.550793767
1635.625;-0.892497659
1636.25;-0.580228984
1636.875;-0.765902221
1637.5;-2.031856298
1638.125;-2.637404442
1638.75;-3.947666883
1639.375;-2.643734217
1640;-0.938915968
1640.625;-0.894607604
1641.25;-1.434748054
1641.875;-2.128912926
1642.5;-1.39887929
1643.125;-2.417972326
1643.75;-2.059285402
1644.375;-2.597315788
1645;-2.460170746
1645.625;-2.196430445
1646.25;-3.736674547
1646.875;-5.103905201
1647.5;-4.475147724
1648.125;-4.475147724
1648.75;-4.475147724
1649.375;-4.475147724
1650;-4.475147724
1650.625;-4.475147724
1651.25;-4.475147724
1651.875;-3.962436438
1652.5;-3.080488443
1653.125;-3.878039598
1653.75;-5.21362114
1654.375;-4.553215027
1655;-2.867386103
1655.625;-1.211096168
1656.25;-0.5274809
1656.875;-2.68382287
1657.5;-4.717789173
1658.125;-3.462384462
1658.75;-1.89682126
1659.375;-2.076164722
1660;-3.407526493
1660.625;-4.580644131
1661.25;-3.101587534
1661.875;-2.905364752
1662.5;-3.02774024
1663.125;-3.135346413
1663.75;-3.618518829
1664.375;-3.388537169
1665;-3.59319973
1665.625;-2.939123392
1666.25;-3.586869955
1666.875;-6.019611835
1667.5;-5.650375366
1668.125;-4.268375397
1668.75;-2.578326464
1669.375;-3.107917309
1670;-3.411746264
1670.625;-5.070146084
1671.25;-4.715679169
1671.875;-4.835944653
1672.5;-5.49846077
1673.125;-3.770433426
1673.75;-3.768323421
1674.375;-5.101795197
1675;-4.485697269
1675.625;-4.418179989
1676.25;-4.342222691
1676.875;-4.143889904
1677.5;-3.745114326
1678.125;-3.569990635
1678.75;-3.787312746
1679.375;-5.251599789
1680;-6.399398327
1680.625;-7.37840271
1681.25;-5.979523182
1681.875;-4.496247292
1682.5;-4.042613506
1683.125;-5.538549423
1683.75;-8.114766121
1684.375;-7.464909554
1685;-5.490021229
1685.625;-6.736985683
1686.25;-7.228598118
1686.875;-6.087129593
1687.5;-7.397391796
1688.125;-7.920652866
1688.75;-6.800283432
1689.375;-6.859361649
1690;-6.652588844
1690.625;-5.7579813
1691.25;-6.952198029
1691.875;-6.734876156
1692.5;-4.394970894
1693.125;-4.291584492
1693.75;-5.329667091
1694.375;-6.35297966
1695;-4.209297657
1695.625;-5.006848812
1696.25;-6.62515974
1696.875;-5.943654537
1697.5;-5.798069954
1698.125;-5.158762932
1698.75;-5.943654537
1699.375;-6.34032011
1700;-6.287572384
1700.625;-5.369755268
1701.25;-4.99629879
1701.875;-5.027947903
1702.5;-4.582754135
1703.125;-5.395074368
1703.75;-5.26003933
1704.375;-5.447822571
1705;-4.44771862
1705.625;-3.449724913
1706.25;-4.850714207
1706.875;-5.449932575
1707.5;-6.063920498
1708.125;-5.468921661
1708.75;-4.139669895
1709.375;-4.694580078
1710;-4.390750885
1710.625;-5.205181599
1711.25;-5.289578438
1711.875;-4.312683582
1712.5;-4.373871326
1713.125;-6.690567493
1713.75;-6.02172184
1714.375;-5.065926552
1715;-6.112448692
1715.625;-6.167306423
1716.25;-6.283352375
1716.875;-6.80872345
1717.5;-5.411953926
1718.125;-6.779184341
1718.75;-9.030472755
1719.375;-8.114766121
1720;-8.99882412
1720.625;-9.581162453
1721.25;-9.939849854
1721.875;-9.425028801
1722.5;-8.123206139
1723.125;-9.148628235
1723.75;-6.979627132
1724.375;-6.163086891
1725;-7.705440998
1725.625;-10.24156857
1726.25;-8.498771667
1726.875;-8.239251137
1727.5;-8.228701591
1728.125;-10.30697632
1728.75;-9.241465569
1729.375;-7.823596478
1730;-7.678011894
1730.625;-9.503095627
1731.25;-6.998616219
1731.875;-4.169209003
1732.5;-6.11455822
1733.125;-8.239251137
1733.75;-8.51776123
1734.375;-8.754073143
1735;-6.770744801
1735.625;-5.673584461
1736.25;-8.35740757
1736.875;-8.63591671
1737.5;-6.60406065
1738.125;-8.180173874
1738.75;-9.16550827
1739.375;-7.848915577
1740;-8.247691154
1740.625;-8.076786995
1741.25;-8.616928101
1741.875;-7.656912327
1742.5;-7.475459099
1743.125;-6.285462379
1743.75;-5.787520409
1744.375;-5.593407154
1745;-6.175746441
1745.625;-6.34032011
1746.25;-6.06814003
1746.875;-5.540659428
1747.5;-6.118778229
1748.125;-7.285565853
1748.75;-5.540659428
1749.375;-5.540659428
1750;-5.540659428
1750.625;-5.540659428
1751.25;-5.540659428
1751.875;-5.599737167
1752.5;-5.985853195
1753.125;-5.800179958
1753.75;-5.015288353
1754.375;-5.350766182
1755;-5.063816547
1755.625;-8.161184311
1756.25;-6.211615086
1756.875;-5.143993378
1757.5;-5.430943012
1758.125;-6.310781479
1758.75;-6.409947872
1759.375;-4.880253315
1760;-5.71156311
1760.625;-6.500674248
1761.25;-7.226488113
1761.875;-7.789837837
1762.5;-6.760195255
1763.125;-7.751859188
1763.75;-6.06814003
1764.375;-8.473452568
1765;-8.391165733
1765.625;-9.055791855
1766.25;-8.68866539
1766.875;-8.92708683
1767.5;-7.43748045
1768.125;-8.294109344
1768.75;-7.085123062
1769.375;-7.878454685
1770;-8.910206795
1770.625;-8.924976349
1771.25;-9.041022301
1771.875;-7.967071533
1772.5;-6.897340298
1773.125;-6.956418037
1773.75;-8.321538925
1774.375;-5.806509495
1775;-5.806509495
1775.625;-5.806509495
1776.25;-5.806509495
1776.875;-5.806509495
1777.5;-5.806509495
1778.125;-5.806509495
1778.75;-5.806509495
1779.375;-5.806509495
1780;-5.806509495
1780.625;-5.806509495
1781.25;-5.806509495
1781.875;-5.806509495
1782.5;-6.549202919
1783.125;-6.958528042
1783.75;-6.690567493
1784.375;-8.083117485
1785;-7.490228653
1785.625;-6.933208942
1786.25;-8.131645203
1786.875;-8.730863571
1787.5;-9.524194717
1788.125;-10.27954769
1788.75;-9.13807869
1789.375;-7.509217739
1790;-8.135865211
1790.625;-8.937636375
1791.25;-9.828023911
1791.875;-10.08754444
1792.5;-9.878662109
1793.125;-8.90598774
1793.75;-6.827712536
1794.375;-9.528414726
1795;-9.863892555
1795.625;-9.815363884
1796.25;-12.62156296
1796.875;-12.00757504
1797.5;-12.00757504
1798.125;-12.00757504
1798.75;-12.00757504
1799.375;-12.00757504
1800;-12.00757504
1800.625;-12.00757504
1801.25;-11.37459755
1801.875;-12.00757504
1802.5;-12.00757504
1803.125;-11.73961449
1803.75;-11.39147758
1804.375;-10.35761452
1805;-9.49676609
1805.625;-9.030472755
1806.25;-8.386945724
1806.875;-9.887102127
1807.5;-11.57293034
1808.125;-11.44633484
1808.75;-10.69731236
1809.375;-9.781605721
1810;-10.01580715
1810.625;-10.6065855
1811.25;-10.30486679
1811.875;-9.703537941
1812.5;-11.61301899
1813.125;-12.1531601
1813.75;-10.76904964
1814.375;-10.06433487
1815;-9.097990036
1815.625;-10.6319046
1816.25;-11.62145901
1816.875;-10.39559364
1817.5;-10.12552357
1818.125;-11.47798443
1818.75;-12.48441792
1819.375;-9.771056175
1820;-9.507315636
1820.625;-11.24800205
1821.25;-11.10663795
1821.875;-10.86188602
1822.5;-10.66988373
1823.125;-10.46944046
1823.75;-9.777385712
1824.375;-9.960948944
1825;-10.40614319
1825.625;-11.37037754
1826.25;-11.45266533
1826.875;-9.627581596
1827.5;-10.0010376
1828.125;-11.51174259
1828.75;-10.26266861
1829.375;-8.992494583
1830;-8.948185921
1830.625;-9.507315636
1831.25;-9.195046425
1831.875;-10.00525761
1832.5;-10.04534626
1833.125;-9.064231873
1833.75;-9.741517067
1834.375;-10.14240265
1835;-10.62135506
1835.625;-10.78170967
1836.25;-11.87253952
1836.875;-11.84300041
1837.5;-11.3893671
1838.125;-9.171837807
1838.75;-10.96738243
1839.375;-11.44633484
1840;-10.02424717
1840.625;-10.58337688
1841.25;-9.311092377
1841.875;-8.604268074
1842.5;-9.591711998
1843.125;-9.85334301
1843.75;-10.68465328
1844.375;-9.823803902
1845;-8.90598774
1845.625;-9.703537941
1846.25;-8.893327713
1846.875;-8.986164093
1847.5;-9.906090736
1848.125;-10.12341309
1848.75;-9.547404289
1849.375;-8.711874008
1850;-8.986164093
1850.625;-8.986164093
1851.25;-8.986164093
1851.875;-9.857563019
1852.5;-9.178167343
1853.125;-10.34706497
1853.75;-9.081110954
1854.375;-8.650686264
1855;-9.825914383
1855.625;-10.24156857
1856.25;-8.412264824
1856.875;-9.182387352
1857.5;-8.749853134
1858.125;-8.359517097
1858.75;-10.77326965
1859.375;-9.832243919
1860;-8.180173874
1860.625;-6.690567493
1861.25;-7.473349094
1861.875;-9.828023911
1862.5;-8.946075439
1863.125;-8.306769371
1863.75;-9.524194717
1864.375;-8.629587173
1865;-9.878662109
1865.625;-10.04534626
1866.25;-9.036802292
1866.875;-8.901767731
1867.5;-7.488118649
1868.125;-8.694994926
1868.75;-8.526201248
1869.375;-8.513541222
1870;-7.912213326
1870.625;-7.429040909
1871.25;-7.918542862
1871.875;-8.821590424
1872.5;-6.931098938
1873.125;-7.112552166
1873.75;-7.85524559
1874.375;-7.074573517
1875;-6.933208942
1875.625;-7.359413147
1876.25;-7.308774948
1876.875;-6.848811626
1877.5;-7.555636406
1878.125;-8.002940178
1878.75;-7.340424061
1879.375;-7.929092884
1880;-7.682231426
1880.625;-7.207499027
1881.25;-5.941544533
1881.875;-7.67590189
1882.5;-8.129535675
1883.125;-7.268686771
1883.75;-6.631489754
1884.375;-6.747535706
1885;-7.325654507
1885.625;-6.897340298
1886.25;-7.277126312
1886.875;-7.64214325
1887.5;-9.988378525
1888.125;-10.0263567
1888.75;-10.5053091
1889.375;-9.475667
1890;-9.247795105
1890.625;-8.555740356
1891.25;-7.399501801
1891.875;-7.857355118
1892.5;-8.254020691
1893.125;-8.32575798
1893.75;-9.532634735
1894.375;-8.730863571
1895;-10.4504509
1895.625;-8.074677467
1896.25;-7.338314056
1896.875;-8.416484833
1897.5;-7.085123062
1898.125;-6.549202919
1898.75;-6.348760128
1899.375;-6.509114265
1900;-6.60406065
1900.625;-8.616928101
1901.25;-8.975614548
1901.875;-7.085123062
1902.5;-7.91432333
1903.125;-7.277126312
1903.75;-6.831932545
1904.375;-8.857459068
1905;-9.051571846
1905.625;-7.462799549
1906.25;-7.84258604
1906.875;-8.591609001
1907.5;-7.91432333
1908.125;-6.270692825
1908.75;-5.863477707
1909.375;-6.787623882
1910;-7.36574316
1910.625;-7.599944592
1911.25;-7.523987293
1911.875;-7.33198452
1912.5;-8.886998177
1913.125;-6.454256058
1913.75;-6.800283432
1914.375;-9.517865181
1915;-7.304555416
1915.625;-6.203175068
1916.25;-7.832036018
1916.875;-7.971291065
1917.5;-7.464909554
1918.125;-7.882674217
1918.75;-8.152744293
1919.375;-7.878454685
1920;-7.907993317
1920.625;-7.285565853
1921.25;-10.30275631
1921.875;-8.716094017
1922.5;-7.599944592
1923.125;-8.386945724
1923.75;-8.011380196
1924.375;-8.498771667
1925;-10.31119633
1925.625;-10.98215199
1926.25;-8.241361618
1926.875;-7.477569103
1927.5;-8.175953865
1928.125;-8.931306839
1928.75;-7.013385773
1929.375;-6.787623882
1930;-6.654698849
1930.625;-8.878558159
1931.25;-10.00525761
1931.875;-7.840476036
1932.5;-7.918542862
1933.125;-7.513437748
1933.75;-7.239147663
1934.375;-8.188612938
1935;-7.448029995
1935.625;-7.785617828
1936.25;-8.97350502
1936.875;-6.6167202
1937.5;-6.912109375
1938.125;-7.359413147
1938.75;-8.524090767
1939.375;-7.48389864
1940;-6.336100578
1940.625;-7.694890976
1941.25;-7.950191975
1941.875;-8.078897476
1942.5;-7.203279018
1943.125;-8.981944084
1943.75;-8.545190811
1944.375;-8.260350227
1945;-8.441803932
1945.625;-8.024039268
1946.25;-8.475563049
1946.875;-8.418595314
1947.5;-7.536646843
1948.125;-6.960637569
1948.75;-7.829926491
1949.375;-8.889107704
1950;-8.889107704
1950.625;-8.889107704
1951.25;-8.889107704
1951.875;-10.31963634
1952.5;-10.5010891
1953.125;-8.889107704
1953.75;-9.302653313
1954.375;-8.857459068
1955;-9.44401741
1955.625;-8.549409866
1956.25;-9.631800652
1956.875;-11.13828659
1957.5;-10.40614319
1958.125;-9.747846603
1958.75;-9.465117455
1959.375;-9.043132782
1960;-9.538964272
1960.625;-9.233025551
1961.25;-8.435474396
1961.875;-11.1425066
1962.5;-9.446127892
1963.125;-9.572723389
1963.75;-10.38715363
1964.375;-9.861783028
1965;-9.652900696
1965.625;-9.680329323
1966.25;-10.07910442
1966.875;-9.695098877
1967.5;-10.32385635
1968.125;-10.03057671
1968.75;-8.962955475
1969.375;-9.652900696
1970;-10.28587723
1970.625;-11.20369434
1971.25;-11.04545021
1971.875;-10.01369762
1972.5;-10.29009724
1973.125;-11.10874748
1973.75;-8.241361618
1974.375;-9.517865181
1975;-9.85334301
1975.625;-8.838469505
1976.25;-8.443914413
1976.875;-9.644460678
1977.5;-9.849123001
1978.125;-9.372280121
1978.75;-9.306872368
1979.375;-9.384940147
1980;-8.127425194
1980.625;-9.758396149
1981.25;-10.98848152
1981.875;-10.63612461
1982.5;-10.96105289
1983.125;-10.84500694
1983.75;-10.51796913
1984.375;-9.129639626
1985;-9.547404289
1985.625;-9.551624298
1986.25;-9.54318428
1986.875;-8.01981926
1987.5;-8.137974739
1988.125;-9.13807869
1988.75;-9.811144829
1989.375;-9.325861931
1990;-9.152848244
1990.625;-8.912317276
1991.25;-7.956521511
1991.875;-8.933416367
1992.5;-8.694994926
1993.125;-7.519767761
1993.75;-8.226592064
1994.375;-10.46733093
1995;-11.41257668
1995.625;-12.03500366
1996.25;-11.359828
1996.875;-11.3091898
1997.5;-10.49265003
1998.125;-9.773165703
1998.75;-9.416588783
1999.375;-8.593718529
2000;-8.682335854
